Date/Time,CORE_BOTTOM:Zone Mean Air Temperature [C](Hourly),TOPFLOOR_PLENUM:Zone Mean Air Temperature [C](Hourly),MIDFLOOR_PLENUM:Zone Mean Air Temperature [C](Hourly),FIRSTFLOOR_PLENUM:Zone Mean Air Temperature [C](Hourly),CORE_MID:Zone Mean Air Temperature [C](Hourly),CORE_TOP:Zone Mean Air Temperature [C](Hourly),PERIMETER_TOP_ZN_3:Zone Mean Air Temperature [C](Hourly),PERIMETER_TOP_ZN_2:Zone Mean Air Temperature [C](Hourly),PERIMETER_TOP_ZN_1:Zone Mean Air Temperature [C](Hourly),PERIMETER_TOP_ZN_4:Zone Mean Air Temperature [C](Hourly),PERIMETER_BOT_ZN_3:Zone Mean Air Temperature [C](Hourly),PERIMETER_BOT_ZN_2:Zone Mean Air Temperature [C](Hourly),PERIMETER_BOT_ZN_1:Zone Mean Air Temperature [C](Hourly),PERIMETER_BOT_ZN_4:Zone Mean Air Temperature [C](Hourly),PERIMETER_MID_ZN_3:Zone Mean Air Temperature [C](Hourly),PERIMETER_MID_ZN_2:Zone Mean Air Temperature [C](Hourly),PERIMETER_MID_ZN_1:Zone Mean Air Temperature [C](Hourly),PERIMETER_MID_ZN_4:Zone Mean Air Temperature [C](Hourly) 
 01/01  01:00:00,24.56663408642872,19.303281895907965,22.04754856387541,22.918904780258355,23.87886110519026,23.349912070909514,19.825964578366,20.3863302257684,22.34732595467144,20.136923174640856,20.849485414971312,22.561194075594024,25.261043644731604,21.8767724413556,22.71748600322571,22.65381469077168,23.04267424664025,21.305447249572865
 01/01  02:00:00,24.508357922301958,19.239553755368586,22.05979220329814,22.92481677712496,23.926171168328512,23.29546327151899,19.83497841679191,20.36603797184858,22.256997269728167,20.079317572421225,20.941485542332227,22.61290990478474,25.24736520542371,21.90653346332528,22.777349379134687,22.714913002330725,23.0226987261665,21.318571658422066
 01/01  03:00:00,24.56527076047062,19.137122058820577,21.953474521265072,22.850207439194325,23.979423339086622,23.26564655424032,19.670823646404834,20.17597039416937,22.027189318449565,19.859172099477114,20.89988433037089,22.511881965616173,25.06395528685693,21.85199343700667,22.631126834056438,22.59522156284353,22.815085190378976,21.127815098761452
 01/01  04:00:00,24.6281760258789,19.054014419633738,21.936068829837893,22.824927044804458,24.00168337564112,23.201332398123903,19.583450735841268,20.095778510440724,21.883738781675053,19.7257960654038,20.863459043186594,22.463538806163285,24.950122308321266,21.840439893893755,22.585855566493247,22.51723709784667,22.713855416407085,21.050291302303652
 01/01  05:00:00,24.646237372471177,18.900945021248308,21.851109561154924,22.76837499391036,24.01548427723513,23.135100943023662,19.391673146793963,19.88506315413055,21.63750677280554,19.483160145009013,20.79543212815713,22.325278430044644,24.739666266144024,21.738371272294792,22.422538890391202,22.3251861754741,22.525052501737445,20.87050998590289
 01/01  06:00:00,24.642729583586934,18.689961938023814,21.743486501545075,22.70369788195712,23.95725123646255,23.05133640318159,19.21302868756739,19.70722307224222,21.374588192981467,19.264873311928525,20.741172378399156,22.196864345183013,24.543124081163874,21.64607513951084,22.274239621183384,22.14835912062015,22.321286584709856,20.676756078811227
 01/01  07:00:00,24.697871984961896,18.63469724329164,21.783721590451336,22.76927210998472,23.987173481604536,23.03490556173221,19.392857111214894,19.861043656026364,21.46375006155015,19.429754763137943,20.925341202459133,22.32967102150147,24.61431726786363,21.800947268304064,22.46660917185084,22.307097144068035,22.45974196527964,20.854038830672746
 01/01  08:00:00,24.68898855767475,18.629684504022556,21.835246668194067,22.79801975634329,24.015045714993548,23.000786212647753,19.534700243244426,20.536336177206508,21.83561022554078,19.531593895498887,21.089057899678146,22.736848199223626,24.8305252588172,21.86497902880614,22.633422549466758,22.966726838348563,22.82714442352344,20.977286771156244
 01/01  09:00:00,24.62843093272181,18.870588325757865,21.86247478570335,22.809549524529864,24.00679896507427,23.009418002839332,19.717955792006826,22.82522256126311,23.670404442545486,19.695115413052893,21.22464706209537,24.28560980505645,25.950093862857226,21.997868158416,22.840680031398385,25.32545498714531,24.674618462037635,21.155960860459096
 01/01  10:00:00,24.653438016533368,19.76685316560302,22.010337580982373,22.90839483243576,24.000525336571634,23.174894011874677,20.130133672602913,24.12686201431644,25.83393707430914,20.127136104391422,21.55292031551285,25.303739074090757,27.3240818299135,22.2709293276997,23.217573498053095,26.592500097094693,26.759252223289963,21.526329647658688
 01/01  11:00:00,23.989303200866487,20.977872507337654,22.367197008652223,23.09627851584385,23.24585057759905,23.391852876892095,20.44355831153492,24.03645503219762,27.308458489078895,20.463302537410122,21.32194930029392,24.799619923498547,27.472338688948142,22.06030208910409,22.961909232510692,25.80381251947632,26.921525188880302,21.30647106826518
 01/01  12:00:00,23.79574129357183,22.015699935927678,22.37674652132306,23.15702387116718,23.028551552614587,23.169866498279276,20.501385590140668,22.869269578364527,27.417458707142817,20.559256809607216,21.279108340100372,24.119597144401443,27.26729763458905,22.0673819111698,23.019777987626608,24.73271153765754,26.881997823703223,21.39927103162173
 01/01  13:00:00,23.574261729712624,22.54574287327834,22.427969019985625,23.148903578347692,23.01935007999937,23.08954809842027,20.616860282472107,22.24183144110171,27.19996501315737,20.818845659844172,21.235876570281203,23.612151188163924,27.301970289411777,22.1190469034993,23.160737664151153,24.198715669508616,27.154974421907102,21.713493649411888
 01/01  14:00:00,23.559327889686042,22.896960226317358,22.591199980684472,23.23196491338966,22.92836671281777,23.237933062411713,20.90804031886033,22.318720704637627,27.574107177398652,21.948296560174683,21.35132903287817,23.50485035455679,27.58175341973952,22.78650195743446,23.248150430693872,23.999494865399303,26.87927810082177,22.629644414488684
 01/01  15:00:00,23.464065967184176,23.296347000002577,22.736951907047285,23.363031617775654,22.795328783194364,23.263910576357972,21.10202233930767,22.359763082512558,27.32053428332256,23.623353933964804,21.347841956941004,23.398365491762235,27.31710121220058,23.671295349244907,23.283210858158025,23.83874455410896,26.80929157648039,24.107608037466953
 01/01  16:00:00,23.328156941015234,23.21694359515378,22.66337411969318,23.319406659871838,22.84549372506628,23.26166627318224,20.971461158975565,22.088357785888896,26.856244131977533,24.045262399800073,21.107559248624376,23.09894335571707,27.032777254850167,23.739033148121223,23.210817421177346,23.620543508109428,26.63064996814454,24.661840315300942
 01/01  17:00:00,24.09382659094939,22.57581365970404,22.419402261478965,23.177661204779227,23.670302576002463,23.85962910572408,20.97972743660316,21.974071048359598,25.79152347119467,22.7984230748176,21.152268630946097,23.14666827310859,26.882079287287,23.115889383374743,23.308803779447445,23.560192685329817,25.937090634765045,23.609696289509685
 01/01  18:00:00,24.415957071500888,21.69031457815303,22.385035355391032,23.14928032181783,23.786992572949163,24.045610547581628,20.86931381974175,21.759342570730578,24.88109434713389,21.88527857516678,21.12519663047172,23.041754510405283,26.443735119428368,22.57408207608422,23.179804286319495,23.35203143467321,24.971035634072297,22.599938502828007
 01/01  19:00:00,24.456063322001732,21.048102032295805,22.377111155867,23.132853290017113,23.70995948979182,23.843347057163,20.723895835591254,21.543172441619152,24.323713517867485,21.479865946459196,21.02815173773299,22.914816423947663,26.15278822796089,22.32179730295824,23.115702457762026,23.23010456005217,24.516322870322448,22.25774011287639
 01/01  20:00:00,24.502882645075363,20.54158845529836,22.318011286781747,23.0738282421512,23.670108751486374,23.66164770485941,20.53747410930266,21.295870008464863,23.845428646458096,21.13656561045616,20.934833300672,22.78899061498756,25.934196043818872,22.1306517385735,23.018739688779803,23.058141527453717,24.16164208993179,21.995220032681985
 01/01  21:00:00,24.513585493189527,20.17054438640742,22.262263136102575,23.011019000992825,23.66710232899788,23.566525433631654,20.342511044822096,21.049940741777466,23.42150344693736,20.836703327378892,20.86699516217531,22.67439497497542,25.727847677994877,21.994664475529387,22.9467842137916,22.872955641907136,23.867295673824668,21.77075872287876
 01/01  22:00:00,24.524461911009475,19.872731244703942,22.20211727508427,22.967158485867554,23.670559245286537,23.512328262891867,20.195003791895623,20.845515913270884,23.08732097622865,20.608212281064514,20.83486008433424,22.631251798090123,25.566729213801665,21.92808021797996,22.886517094509173,22.8021620999736,23.63624577602846,21.610606361841565
 01/01  23:00:00,24.54256864481608,19.6563118363111,22.172933863030742,22.94798467171194,23.69336865629317,23.433758812692552,20.09670220784058,20.711787972417234,22.87644140003181,20.45028621516375,20.84932529580195,22.620356580271253,25.502595457797373,21.87728978567709,22.861647533329258,22.76097503826198,23.46457501484295,21.50797031170525
 01/01  24:00:00,24.587051838597997,19.444865944234095,22.11283636053423,22.904593068031378,23.71251294729652,23.391777476950228,19.90628389262496,20.48965700052647,22.576481859980884,20.213162250559847,20.78837260450483,22.52324041858432,25.363873586710447,21.770765946487177,22.765036191608,22.658624077008817,23.23369272718198,21.318570167427204
